{"cameraMode":{"drawMode":0,"name":"Shaded","section":"Shading Mode"},"sceneLighting":true,"audioPlay":false,"sceneViewState":{"m_AlwaysRefresh":false,"showFog":true,"showSkybox":true,"showFlares":true,"showImageEffects":true,"showParticleSystems":true,"showVisualEffectGraphs":true,"m_FxEnabled":true},"in2DMode":false,"pivot":{"x":-3.0444068908691408,"y":14.95655345916748,"z":-49.220252990722659},"rotation":{"x":-0.39448636770248415,"y":-0.2289230227470398,"z":0.10302925854921341,"w":-0.8838279843330383},"size":3.6775388717651369,"orthographic":false}