{"cameraMode":{"drawMode":0,"name":"Shaded","section":"Shading Mode"},"sceneLighting":true,"audioPlay":false,"sceneViewState":{"m_AlwaysRefresh":false,"showFog":true,"showSkybox":true,"showFlares":true,"showImageEffects":true,"showParticleSystems":true,"showVisualEffectGraphs":true,"m_FxEnabled":true},"in2DMode":false,"pivot":{"x":-1.0210022926330567,"y":4.0963358879089359,"z":-30.10953712463379},"rotation":{"x":0.14005258679389954,"y":-0.08825511485338211,"z":0.01144623663276434,"w":0.9860175251960754},"size":0.8660253882408142,"orthographic":false}