{"cameraMode":{"drawMode":0,"name":"Shaded","section":"Shading Mode"},"sceneLighting":true,"audioPlay":false,"sceneViewState":{"m_AlwaysRefresh":false,"showFog":true,"showSkybox":true,"showFlares":true,"showImageEffects":true,"showParticleSystems":true,"showVisualEffectGraphs":true,"m_FxEnabled":true},"in2DMode":false,"pivot":{"x":6.511532306671143,"y":2.3573694229125978,"z":-23.363515853881837},"rotation":{"x":0.06446816772222519,"y":-0.6089651584625244,"z":0.04888023063540459,"w":0.7889223694801331},"size":0.8660253882408142,"orthographic":false}